title,year,summary,genre,runtime,certificate,directors,actors,rating,votes,gross
Dune,2021,"Feature adaptation of Frank Herbert's science fiction novel, about the son of a noble family entrusted with the protection of the most valuable asset and most vital element in the galaxy.","Action, Adventure, Drama",155,PG-13,Denis Villeneuve,"Timothée Chalamet, Rebecca Ferguson, Zendaya, Oscar Isaac",8.2,327947,null
The Shawshank Redemption,1994,"Two imprisoned men bond over a number of years, finding solace and eventual redemption through acts of common decency.",Drama,142,R,Frank Darabont,"Tim Robbins, Morgan Freeman, Bob Gunton, William Sadler",9.3,2490404,28.34
Interstellar,2014,A team of explorers travel through a wormhole in space in an attempt to ensure humanity's survival.,"Adventure, Drama, Sci-Fi",169,PG-13,Christopher Nolan,"Matthew McConaughey, Anne Hathaway, Jessica Chastain, Mackenzie Foy",8.6,1640392,188.02
Avengers: Endgame,2019,"After the devastating events of Avengers: Infinity War (2018), the universe is in ruins. With the help of remaining allies, the Avengers assemble once more in order to reverse Thanos' actions and restore balance to the universe.","Action, Adventure, Drama",181,PG-13,"Anthony Russo, Joe Russo","Robert Downey Jr., Chris Evans, Mark Ruffalo, Chris Hemsworth",8.4,960775,858.37
V for Vendetta,2005,"In a future British tyranny, a shadowy freedom fighter, known only by the alias of ""V,"" plots to overthrow it with the help of a young woman.","Action, Drama, Sci-Fi",132,R,James McTeigue,"Hugo Weaving, Natalie Portman, Rupert Graves, Stephen Rea",8.1,1074690,70.51
Joker,2019,"In Gotham City, mentally troubled comedian Arthur Fleck is disregarded and mistreated by society. He then embarks on a downward spiral of revolution and bloody crime. This path brings him face-to-face with his alter-ego: the Joker.","Crime, Drama, Thriller",122,R,Todd Phillips,"Joaquin Phoenix, Robert De Niro, Zazie Beetz, Frances Conroy",8.4,1094834,335.45
1917,2019,"April 6th, 1917. As a regiment assembles to wage war deep in enemy territory, two soldiers are assigned to race against time and deliver a message that will stop 1,600 men from walking straight into a deadly trap.","Action, Drama, War",119,R,Sam Mendes,"Dean-Charles Chapman, George MacKay, Daniel Mays, Colin Firth",8.3,505775,159.23
The Wolf of Wall Street,2013,"Based on the true story of Jordan Belfort, from his rise to a wealthy stock-broker living the high life to his fall involving crime, corruption and the federal government.","Biography, Comedy, Crime",180,R,Martin Scorsese,"Leonardo DiCaprio, Jonah Hill, Margot Robbie, Matthew McConaughey",8.2,1281690,116.90
The Matrix,1999,"When a beautiful stranger leads computer hacker Neo to a forbidding underworld, he discovers the shocking truth--the life he knows is the elaborate deception of an evil cyber-intelligence.","Action, Sci-Fi",136,R,"Lana Wachowski, Lilly Wachowski","Keanu Reeves, Laurence Fishburne, Carrie-Anne Moss, Hugo Weaving",8.7,1777561,171.48
The Lord of the Rings: The Fellowship of the Ring,2001,A meek Hobbit from the Shire and eight companions set out on a journey to destroy the powerful One Ring and save Middle-earth from the Dark Lord Sauron.,"Action, Adventure, Drama",178,PG-13,Peter Jackson,"Elijah Wood, Ian McKellen, Orlando Bloom, Sean Bean",8.8,1744410,315.54
Parasite,2019,Greed and class discrimination threaten the newly formed symbiotic relationship between the wealthy Park family and the destitute Kim clan.,"Comedy, Drama, Thriller",132,R,Bong Joon Ho,"Kang-ho Song, Sun-kyun Lee, Yeo-jeong Cho, Woo-sik Choi",8.6,682036,53.37
The Dark Knight,2008,"When the menace known as the Joker wreaks havoc and chaos on the people of Gotham, Batman must accept one of the greatest psychological and physical tests of his ability to fight injustice.","Action, Crime, Drama",152,PG-13,Christopher Nolan,"Christian Bale, Heath Ledger, Aaron Eckhart, Michael Caine",9.0,2442818,534.86
Saving Private Ryan,1998,"Following the Normandy Landings, a group of U.S. soldiers go behind enemy lines to retrieve a paratrooper whose brothers have been killed in action.","Drama, War",169,R,Steven Spielberg,"Tom Hanks, Matt Damon, Tom Sizemore, Edward Burns",8.6,1303390,216.54
Fight Club,1999,An insomniac office worker and a devil-may-care soap maker form an underground fight club that evolves into much more.,Drama,139,R,David Fincher,"Brad Pitt, Edward Norton, Meat Loaf, Zach Grenier",8.8,1961006,37.03
Inception,2010,"A thief who steals corporate secrets through the use of dream-sharing technology is given the inverse task of planting an idea into the mind of a C.E.O., but his tragic past may doom the project and his team to disaster.","Action, Adventure, Sci-Fi",148,PG-13,Christopher Nolan,"Leonardo DiCaprio, Joseph Gordon-Levitt, Elliot Page, Ken Watanabe",8.8,2192000,292.58
Prisoners,2013,"When Keller Dover's daughter and her friend go missing, he takes matters into his own hands as the police pursue multiple leads and the pressure mounts.","Crime, Drama, Mystery",153,R,Denis Villeneuve,"Hugh Jackman, Jake Gyllenhaal, Viola Davis, Melissa Leo",8.1,647551,61.00
Pulp Fiction,1994,"The lives of two mob hitmen, a boxer, a gangster and his wife, and a pair of diner bandits intertwine in four tales of violence and redemption.","Crime, Drama",154,R,Quentin Tarantino,"John Travolta, Uma Thurman, Samuel L. Jackson, Bruce Willis",8.9,1924897,107.93
Harry Potter and the Deathly Hallows: Part 2,2011,"Harry, Ron, and Hermione search for Voldemort's remaining Horcruxes in their effort to destroy the Dark Lord as the final battle rages on at Hogwarts.","Adventure, Fantasy, Mystery",130,PG-13,David Yates,"Daniel Radcliffe, Emma Watson, Rupert Grint, Michael Gambon",8.1,810366,381.01
Gladiator,2000,A former Roman General sets out to exact vengeance against the corrupt emperor who murdered his family and sent him into slavery.,"Action, Adventure, Drama",155,R,Ridley Scott,"Russell Crowe, Joaquin Phoenix, Connie Nielsen, Oliver Reed",8.5,1411160,187.71
Heat,1995,A group of high-end professional thieves start to feel the heat from the LAPD when they unknowingly leave a clue at their latest heist.,"Action, Crime, Drama",170,R,Michael Mann,"Al Pacino, Robert De Niro, Val Kilmer, Jon Voight",8.2,613719,67.44
The Grand Budapest Hotel,2014,"A writer encounters the owner of an aging high-class hotel, who tells him of his early years serving as a lobby boy in the hotel's glorious years under an exceptional concierge.","Adventure, Comedy, Crime",99,R,Wes Anderson,"Ralph Fiennes, F. Murray Abraham, Mathieu Amalric, Adrien Brody",8.1,753369,59.10
Forrest Gump,1994,"The presidencies of Kennedy and Johnson, the Vietnam War, the Watergate scandal and other historical events unfold from the perspective of an Alabama man with an IQ of 75, whose only desire is to be reunited with his childhood sweetheart.","Drama, Romance",142,PG-13,Robert Zemeckis,"Tom Hanks, Robin Wright, Gary Sinise, Sally Field",8.8,1923914,330.25
Léon: The Professional,1994,"Mathilda, a 12-year-old girl, is reluctantly taken in by Léon, a professional assassin, after her family is murdered. An unusual relationship forms as she becomes his protégée and learns the assassin's trade.","Action, Crime, Drama",110,R,Luc Besson,"Jean Reno, Gary Oldman, Natalie Portman, Danny Aiello",8.5,1091469,19.50
Avengers: Infinity War,2018,The Avengers and their allies must be willing to sacrifice all in an attempt to defeat the powerful Thanos before his blitz of devastation and ruin puts an end to the universe.,"Action, Adventure, Sci-Fi",149,PG-13,"Anthony Russo, Joe Russo","Robert Downey Jr., Chris Hemsworth, Mark Ruffalo, Chris Evans",8.4,940975,678.82
Gone Girl,2014,"With his wife's disappearance having become the focus of an intense media circus, a man sees the spotlight turned on him when it's suspected that he may not be innocent.","Drama, Mystery, Thriller",149,R,David Fincher,"Ben Affleck, Rosamund Pike, Neil Patrick Harris, Tyler Perry",8.1,918096,167.77
L.A. Confidential,1997,"As corruption grows in 1950s Los Angeles, three policemen - one strait-laced, one brutal, and one sleazy - investigate a series of murders with their own brand of justice.","Crime, Drama, Mystery",138,R,Curtis Hanson,"Kevin Spacey, Russell Crowe, Guy Pearce, Kim Basinger",8.2,555856,64.62
Django Unchained,2012,"With the help of a German bounty-hunter, a freed slave sets out to rescue his wife from a brutal plantation-owner in Mississippi.","Drama, Western",165,R,Quentin Tarantino,"Jamie Foxx, Christoph Waltz, Leonardo DiCaprio, Kerry Washington",8.4,1441901,162.81
Inglourious Basterds,2009,"In Nazi-occupied France during World War II, a plan to assassinate Nazi leaders by a group of Jewish U.S. soldiers coincides with a theatre owner's vengeful plans for the same.","Adventure, Drama, War",153,R,Quentin Tarantino,"Brad Pitt, Diane Kruger, Eli Roth, Mélanie Laurent",8.3,1346169,120.54
Goodfellas,1990,"The story of Henry Hill and his life in the mob, covering his relationship with his wife Karen Hill and his mob partners Jimmy Conway and Tommy DeVito in the Italian-American crime syndicate.","Biography, Crime, Drama",146,R,Martin Scorsese,"Robert De Niro, Ray Liotta, Joe Pesci, Lorraine Bracco",8.7,1079734,46.84
Jurassic Park,1993,A pragmatic paleontologist touring an almost complete theme park on an island in Central America is tasked with protecting a couple of kids after a power failure causes the park's cloned dinosaurs to run loose.,"Action, Adventure, Sci-Fi",127,PG-13,Steven Spielberg,"Sam Neill, Laura Dern, Jeff Goldblum, Richard Attenborough",8.1,916718,402.45
American Beauty,1999,A sexually frustrated suburban father has a mid-life crisis after becoming infatuated with his daughter's best friend.,Drama,122,R,Sam Mendes,"Kevin Spacey, Annette Bening, Thora Birch, Wes Bentley",8.3,1110392,130.10
The Prestige,2006,"After a tragic accident, two stage magicians in 1890s London engage in a battle to create the ultimate illusion while sacrificing everything they have to outwit each other.","Drama, Mystery, Sci-Fi",130,PG-13,Christopher Nolan,"Christian Bale, Hugh Jackman, Scarlett Johansson, Michael Caine",8.5,1255548,53.09
No Country for Old Men,2007,Violence and mayhem ensue after a hunter stumbles upon a drug deal gone wrong and more than two million dollars in cash near the Rio Grande.,"Crime, Drama, Thriller",122,R,"Ethan Coen, Joel Coen","Tommy Lee Jones, Javier Bardem, Josh Brolin, Woody Harrelson",8.1,909526,74.28
Spider-Man: Into the Spider-Verse,2018,"Teen Miles Morales becomes the Spider-Man of his universe, and must join with five spider-powered individuals from other dimensions to stop a threat for all realities.","Animation, Action, Adventure",117,PG,"Bob Persichetti, Peter Ramsey, Rodney Rothman","Shameik Moore, Jake Johnson, Hailee Steinfeld, Mahershala Ali",8.4,436811,190.24
Schindler's List,1993,"In German-occupied Poland during World War II, industrialist Oskar Schindler gradually becomes concerned for his Jewish workforce after witnessing their persecution by the Nazis.","Biography, Drama, History",195,R,Steven Spielberg,"Liam Neeson, Ralph Fiennes, Ben Kingsley, Caroline Goodall",8.9,1276595,96.90
The Father (I),2020,"A man refuses all assistance from his daughter as he ages. As he tries to make sense of his changing circumstances, he begins to doubt his loved ones, his own mind and even the fabric of his reality.",Drama,97,PG-13,Florian Zeller,"Anthony Hopkins, Olivia Colman, Mark Gatiss, Olivia Williams",8.3,106390,null
Good Will Hunting,1997,"Will Hunting, a janitor at M.I.T., has a gift for mathematics, but needs help from a psychologist to find direction in his life.","Drama, Romance",126,R,Gus Van Sant,"Robin Williams, Matt Damon, Ben Affleck, Stellan Skarsgård",8.3,908497,138.43
Se7en,1995,"Two detectives, a rookie and a veteran, hunt a serial killer who uses the seven deadly sins as his motives.","Crime, Drama, Mystery",127,R,David Fincher,"Morgan Freeman, Brad Pitt, Kevin Spacey, Andrew Kevin Walker",8.6,1531521,100.13
Shutter Island,2010,"In 1954, a U.S. Marshal investigates the disappearance of a murderer who escaped from a hospital for the criminally insane.","Mystery, Thriller",138,R,Martin Scorsese,"Leonardo DiCaprio, Emily Mortimer, Mark Ruffalo, Ben Kingsley",8.2,1209381,128.01
The Departed,2006,An undercover cop and a mole in the police attempt to identify each other while infiltrating an Irish gang in South Boston.,"Action, Crime, Drama",151,R,Martin Scorsese,"Leonardo DiCaprio, Matt Damon, Jack Nicholson, Mark Wahlberg",8.5,1250408,132.38
Mad Max: Fury Road,2015,"In a post-apocalyptic wasteland, a woman rebels against a tyrannical ruler in search for her homeland with the aid of a group of female prisoners, a psychotic worshiper, and a drifter named Max.","Action, Adventure, Sci-Fi",120,R,George Miller,"Tom Hardy, Charlize Theron, Nicholas Hoult, Zoë Kravitz",8.1,936943,154.06
The Silence of the Lambs,1991,"A young F.B.I. cadet must receive the help of an incarcerated and manipulative cannibal killer to help catch another serial killer, a madman who skins his victims.","Crime, Drama, Horror",118,R,Jonathan Demme,"Jodie Foster, Anthony Hopkins, Lawrence A. Bonney, Kasi Lemmons",8.6,1343764,130.74
Coco (I),2017,"Aspiring musician Miguel, confronted with his family's ancestral ban on music, enters the Land of the Dead to find his great-great-grandfather, a legendary singer.","Animation, Adventure, Comedy",105,PG,"Lee Unkrich, Adrian Molina","Anthony Gonzalez, Gael García Bernal, Benjamin Bratt, Alanna Ubach",8.4,440934,209.73
Hacksaw Ridge,2016,"World War II American Army Medic Desmond T. Doss, who served during the Battle of Okinawa, refuses to kill people and becomes the first man in American history to receive the Medal of Honor without firing a shot.","Biography, Drama, History",139,R,Mel Gibson,"Andrew Garfield, Sam Worthington, Luke Bracey, Teresa Palmer",8.1,474295,67.21
The Dark Knight Rises,2012,"Eight years after the Joker's reign of anarchy, Batman, with the help of the enigmatic Catwoman, is forced from his exile to save Gotham City from the brutal guerrilla terrorist Bane.","Action, Crime",164,PG-13,Christopher Nolan,"Christian Bale, Tom Hardy, Anne Hathaway, Gary Oldman",8.4,1591177,448.14
The Lord of the Rings: The Return of the King,2003,Gandalf and Aragorn lead the World of Men against Sauron's army to draw his gaze from Frodo and Sam as they approach Mount Doom with the One Ring.,"Action, Adventure, Drama",201,PG-13,Peter Jackson,"Elijah Wood, Viggo Mortensen, Ian McKellen, Orlando Bloom",8.9,1723167,377.85
Fargo,1996,Minnesota car salesman Jerry Lundegaard's inept crime falls apart due to his and his henchmen's bungling and the persistent police work of the quite pregnant Marge Gunderson.,"Crime, Thriller",98,R,"Joel Coen, Ethan Coen","William H. Macy, Frances McDormand, Steve Buscemi, Peter Stormare",8.1,647525,24.61
Whiplash,2014,A promising young drummer enrolls at a cut-throat music conservatory where his dreams of greatness are mentored by an instructor who will stop at nothing to realize a student's potential.,"Drama, Music",106,R,Damien Chazelle,"Miles Teller, J.K. Simmons, Melissa Benoist, Paul Reiser",8.5,772642,13.09
Eternal Sunshine of the Spotless Mind,2004,"When their relationship turns sour, a couple undergoes a medical procedure to have each other erased from their memories.","Drama, Romance, Sci-Fi",108,R,Michel Gondry,"Jim Carrey, Kate Winslet, Tom Wilkinson, Gerry Robert Byrne",8.3,955016,34.40
Catch Me If You Can,2002,"Barely 21 yet, Frank is a skilled forger who has passed as a doctor, lawyer and pilot. FBI agent Carl becomes obsessed with tracking down the con man, who only revels in the pursuit.","Biography, Crime, Drama",141,PG-13,Steven Spielberg,"Leonardo DiCaprio, Tom Hanks, Christopher Walken, Martin Sheen",8.1,897792,164.62
The Green Mile,1999,"The lives of guards on Death Row are affected by one of their charges: a black man accused of child murder and rape, yet who has a mysterious gift.","Crime, Drama, Fantasy",189,R,Frank Darabont,"Tom Hanks, Michael Clarke Duncan, David Morse, Bonnie Hunt",8.6,1213882,136.80
Logan,2017,"In a future where mutants are nearly extinct, an elderly and weary Logan leads a quiet life. But when Laura, a mutant child pursued by scientists, comes to him for help, he must get her to safety.","Action, Drama, Sci-Fi",137,R,James Mangold,"Hugh Jackman, Patrick Stewart, Dafne Keen, Boyd Holbrook",8.1,696559,226.28
There Will Be Blood,2007,"A story of family, religion, hatred, oil and madness, focusing on a turn-of-the-century prospector in the early days of the business.",Drama,158,R,Paul Thomas Anderson,"Daniel Day-Lewis, Paul Dano, Ciarán Hinds, Martin Stringer",8.2,549843,40.22
Requiem for a Dream,2000,The drug-induced utopias of four Coney Island people are shattered when their addictions run deep.,Drama,102,R,Darren Aronofsky,"Ellen Burstyn, Jared Leto, Jennifer Connelly, Marlon Wayans",8.3,800718,3.64
Hamilton,2020,"The real life of one of America's foremost founding fathers and first Secretary of the Treasury, Alexander Hamilton. Captured live on Broadway from the Richard Rodgers Theater with the original Broadway cast.","Biography, Drama, History",160,PG-13,Thomas Kail,"Lin-Manuel Miranda, Phillipa Soo, Leslie Odom Jr., Renée Elise Goldsberry",8.4,76473,null
The Lord of the Rings: The Two Towers,2002,"While Frodo and Sam edge closer to Mordor with the help of the shifty Gollum, the divided fellowship makes a stand against Sauron's new ally, Saruman, and his hordes of Isengard.","Action, Adventure, Drama",179,PG-13,Peter Jackson,"Elijah Wood, Ian McKellen, Viggo Mortensen, Orlando Bloom",8.7,1557760,342.55
Incendies,2010,Twins journey to the Middle East to discover their family history and fulfill their mother's last wishes.,"Drama, Mystery, War",131,R,Denis Villeneuve,"Lubna Azabal, Mélissa Désormeaux-Poulin, Maxim Gaudette, Mustafa Kamel",8.3,164942,6.86
"Three Billboards Outside Ebbing, Missouri",2017,A mother personally challenges the local authorities to solve her daughter's murder when they fail to catch the culprit.,"Comedy, Crime, Drama",115,R,Martin McDonagh,"Frances McDormand, Woody Harrelson, Sam Rockwell, Caleb Landry Jones",8.1,471292,54.51
The Pianist,2002,A Polish Jewish musician struggles to survive the destruction of the Warsaw ghetto of World War II.,"Biography, Drama, Music",150,R,Roman Polanski,"Adrien Brody, Thomas Kretschmann, Frank Finlay, Emilia Fox",8.5,777836,32.57
The Usual Suspects,1995,"A sole survivor tells of the twisty events leading up to a horrific gun battle on a boat, which began when five criminals met at a seemingly random police lineup.","Crime, Drama, Mystery",106,R,Bryan Singer,"Kevin Spacey, Gabriel Byrne, Chazz Palminteri, Stephen Baldwin",8.5,1035496,23.34
The Big Lebowski,1998,"Ultimate L.A. slacker Jeff ""The Dude"" Lebowski, mistaken for a millionaire of the same name, seeks restitution for a rug ruined by debt collectors, enlisting his bowling buddies for help while trying to find the millionaire's missing wife.","Comedy, Crime, Sport",117,R,"Joel Coen, Ethan Coen","Jeff Bridges, John Goodman, Julianne Moore, Steve Buscemi",8.1,771291,17.50
Memento,2000,A man with short-term memory loss attempts to track down his wife's murderer.,"Mystery, Thriller",113,R,Christopher Nolan,"Guy Pearce, Carrie-Anne Moss, Joe Pantoliano, Mark Boone Junior",8.4,1177177,25.54
Into the Wild,2007,"After graduating from Emory University, top student and athlete Christopher McCandless abandons his possessions, gives his entire $24,000 savings account to charity and hitchhikes to Alaska to live in the wilderness. Along the way, Christopher encounters a series of characters that shape his life.","Adventure, Biography, Drama",148,R,Sean Penn,"Emile Hirsch, Vince Vaughn, Catherine Keener, Marcia Gay Harden",8.1,598213,18.35
Braveheart,1995,Scottish warrior William Wallace leads his countrymen in a rebellion to free his homeland from the tyranny of King Edward I of England.,"Biography, Drama, History",178,R,Mel Gibson,"Mel Gibson, Sophie Marceau, Patrick McGoohan, Angus Macfadyen",8.3,994136,75.60
Batman Begins,2005,"After training with his mentor, Batman begins his fight to free crime-ridden Gotham City from corruption.","Action, Adventure",140,PG-13,Christopher Nolan,"Christian Bale, Michael Caine, Ken Watanabe, Liam Neeson",8.2,1370683,206.85
Snatch,2000,"Unscrupulous boxing promoters, violent bookmakers, a Russian gangster, incompetent amateur robbers and supposedly Jewish jewelers fight to track down a priceless stolen diamond.","Comedy, Crime",102,R,Guy Ritchie,"Jason Statham, Brad Pitt, Stephen Graham, Vinnie Jones",8.3,817134,30.33
Terminator 2: Judgment Day,1991,"A cyborg, identical to the one who failed to kill Sarah Connor, must now protect her ten-year-old son John from a more advanced and powerful cyborg.","Action, Sci-Fi",137,R,James Cameron,"Arnold Schwarzenegger, Linda Hamilton, Edward Furlong, Robert Patrick",8.5,1040717,204.84
Spirited Away,2001,"During her family's move to the suburbs, a sullen 10-year-old girl wanders into a world ruled by gods, witches, and spirits, and where humans are changed into beasts.","Animation, Adventure, Family",125,PG,Hayao Miyazaki,"Daveigh Chase, Suzanne Pleshette, Miyu Irino, Rumi Hiiragi",8.6,701631,10.06
Green Book,2018,A working-class Italian-American bouncer becomes the driver of an African-American classical pianist on a tour of venues through the 1960s American South.,"Biography, Comedy, Drama",130,PG-13,Peter Farrelly,"Viggo Mortensen, Mahershala Ali, Linda Cardellini, Sebastian Maniscalco",8.2,434146,85.08
Spotlight (I),2015,"The true story of how the Boston Globe uncovered the massive scandal of child molestation and cover-up within the local Catholic Archdiocese, shaking the entire Catholic Church to its core.","Biography, Crime, Drama",129,R,Tom McCarthy,"Mark Ruffalo, Michael Keaton, Rachel McAdams, Liev Schreiber",8.1,446233,45.06
The Lion King,1994,"Lion prince Simba and his father are targeted by his bitter uncle, who wants to ascend the throne himself.","Animation, Adventure, Drama",88,G,"Roger Allers, Rob Minkoff","Matthew Broderick, Jeremy Irons, James Earl Jones, Whoopi Goldberg",8.5,991479,422.78
"Lock, Stock and Two Smoking Barrels",1998,"Eddy persuades his three pals to pool money for a vital poker game against a powerful local mobster, Hatchet Harry. Eddy loses, after which Harry gives him a week to pay back 500,000 pounds.","Action, Comedy, Crime",107,R,Guy Ritchie,"Jason Flemyng, Dexter Fletcher, Nick Moran, Jason Statham",8.2,558520,3.90
Kill Bill: Vol. 1,2003,"After awakening from a four-year coma, a former assassin wreaks vengeance on the team of assassins who betrayed her.","Action, Crime, Drama",111,R,Quentin Tarantino,"Uma Thurman, David Carradine, Daryl Hannah, Michael Madsen",8.1,1054582,70.10
Life Is Beautiful,1997,"When an open-minded Jewish waiter and his son become victims of the Holocaust, he uses a perfect mixture of will, humor, and imagination to protect his son from the dangers around their camp.","Comedy, Drama, Romance",116,PG-13,Roberto Benigni,"Roberto Benigni, Nicoletta Braschi, Giorgio Cantarini, Giustino Durano",8.6,657309,57.60
Reservoir Dogs,1992,"When a simple jewelry heist goes horribly wrong, the surviving criminals begin to suspect that one of them is a police informant.","Crime, Drama, Thriller",99,R,Quentin Tarantino,"Harvey Keitel, Tim Roth, Michael Madsen, Chris Penn",8.3,965097,2.83
The Hunt,2012,"A teacher lives a lonely life, all the while struggling over his son's custody. His life slowly gets better as he finds love and receives good news from his son, but his new luck is about to be brutally shattered by an innocent little lie.",Drama,115,R,Thomas Vinterberg,"Mads Mikkelsen, Thomas Bo Larsen, Annika Wedderkopp, Lasse Fogelstrøm",8.3,306947,0.69
The Truman Show,1998,An insurance salesman discovers his whole life is actually a reality TV show.,"Comedy, Drama",103,PG,Peter Weir,"Jim Carrey, Ed Harris, Laura Linney, Noah Emmerich",8.1,998702,125.62
A Beautiful Mind,2001,"After John Nash, a brilliant but asocial mathematician, accepts secret work in cryptography, his life takes a turn for the nightmarish.","Biography, Drama",135,PG-13,Ron Howard,"Russell Crowe, Ed Harris, Jennifer Connelly, Christopher Plummer",8.2,887234,170.74
The Intouchables,2011,"After he becomes a quadriplegic from a paragliding accident, an aristocrat hires a young man from the projects to be his caregiver.","Biography, Comedy, Drama",112,R,"Olivier Nakache, Éric Toledano","François Cluzet, Omar Sy, Anne Le Ny, Audrey Fleurot",8.5,803918,13.18
Ford v Ferrari,2019,American car designer Carroll Shelby and driver Ken Miles battle corporate interference and the laws of physics to build a revolutionary race car for Ford in order to defeat Ferrari at the 24 Hours of Le Mans in 1966.,"Action, Biography, Drama",152,PG-13,James Mangold,"Matt Damon, Christian Bale, Jon Bernthal, Caitriona Balfe",8.1,342130,117.62
American History X,1998,A former neo-nazi skinhead tries to prevent his younger brother from going down the same wrong path that he did.,Drama,119,R,Tony Kaye,"Edward Norton, Edward Furlong, Beverly D'Angelo, Jennifer Lien",8.5,1073503,6.72
Toy Story,1995,A cowboy doll is profoundly threatened and jealous when a new spaceman figure supplants him as top toy in a boy's room.,"Animation, Adventure, Comedy",81,G,John Lasseter,"Tom Hanks, Tim Allen, Don Rickles, Jim Varney",8.3,934110,191.80
Unforgiven,1992,"Retired Old West gunslinger William Munny reluctantly takes on one last job, with the help of his old partner Ned Logan and a young man, The ""Schofield Kid.""","Drama, Western",130,R,Clint Eastwood,"Clint Eastwood, Gene Hackman, Morgan Freeman, Richard Harris",8.2,394600,101.16
Trainspotting,1996,"Renton, deeply immersed in the Edinburgh drug scene, tries to clean up and get out, despite the allure of the drugs and influence of friends.",Drama,93,R,Danny Boyle,"Ewan McGregor, Ewen Bremner, Jonny Lee Miller, Kevin McKidd",8.1,659945,16.50
Casino,1995,"A tale of greed, deception, money, power, and murder occur between two best friends: a mafia enforcer and a casino executive compete against each other over a gambling empire, and over a fast-living and fast-loving socialite.","Crime, Drama",178,R,Martin Scorsese,"Robert De Niro, Sharon Stone, Joe Pesci, James Woods",8.2,491918,42.44
The Sixth Sense,1999,"A frightened, withdrawn Philadelphia boy who communicates with spirits seeks the help of a disheartened child psychologist.","Drama, Mystery, Thriller",107,PG-13,M. Night Shyamalan,"Bruce Willis, Haley Joel Osment, Toni Collette, Olivia Williams",8.1,948041,293.51
"Monsters, Inc.",2001,"In order to power the city, monsters have to scare children so that they scream. However, the children are toxic to the monsters, and after a child gets through, two monsters realize things may not be what they think.","Animation, Adventure, Comedy",92,G,"Pete Docter, David Silverman, Lee Unkrich","Billy Crystal, John Goodman, Mary Gibbs, Steve Buscemi",8.1,857172,289.92
Inside Out (I),2015,"After young Riley is uprooted from her Midwest life and moved to San Francisco, her emotions - Joy, Fear, Anger, Disgust and Sadness - conflict on how best to navigate a new city, house, and school.","Animation, Adventure, Comedy",95,PG,"Pete Docter, Ronnie Del Carmen","Amy Poehler, Bill Hader, Lewis Black, Mindy Kaling",8.1,660218,356.46
Room (I),2015,"Held captive for 7 years in an enclosed space, a woman and her young son finally gain their freedom, allowing the boy to experience the outside world for the first time.","Drama, Thriller",118,R,Lenny Abrahamson,"Brie Larson, Jacob Tremblay, Sean Bridgers, Wendy Crewson",8.1,396022,14.68
Memories of Murder,2003,"In a small Korean province in 1986, two detectives struggle with the case of multiple young women being found raped and murdered by an unknown culprit.","Crime, Drama, Mystery",132,Not Rated,Bong Joon Ho,"Kang-ho Song, Kim Sang-kyung, Roe-ha Kim, Jae-ho Song",8.1,162208,0.01
Up,2009,"78-year-old Carl Fredricksen travels to Paradise Falls in his house equipped with balloons, inadvertently taking a young stowaway.","Animation, Adventure, Comedy",96,PG,"Pete Docter, Bob Peterson","Ed Asner, Jordan Nagai, John Ratzenberger, Christopher Plummer",8.2,982956,293.00
12 Years a Slave,2013,"In the antebellum United States, Solomon Northup, a free black man from upstate New York, is abducted and sold into slavery.","Biography, Drama, History",134,R,Steve McQueen,"Chiwetel Ejiofor, Michael Kenneth Williams, Michael Fassbender, Brad Pitt",8.1,669083,56.67
Rush (I),2013,The merciless 1970s rivalry between Formula One rivals James Hunt and Niki Lauda.,"Action, Biography, Drama",123,R,Ron Howard,"Daniel Brühl, Chris Hemsworth, Olivia Wilde, Alexandra Maria Lara",8.1,456010,26.95
Klaus,2019,"A simple act of kindness always sparks another, even in a frozen, faraway place. When Smeerensburg's new postman, Jesper, befriends toymaker Klaus, their gifts melt an age-old feud and deliver a sleigh full of holiday traditions.","Animation, Adventure, Comedy",96,PG,"Sergio Pablos, Carlos Martínez López","Jason Schwartzman, J.K. Simmons, Rashida Jones, Will Sasso",8.2,122274,null
Amélie,2001,"Amélie is an innocent and naive girl in Paris with her own sense of justice. She decides to help those around her and, along the way, discovers love.","Comedy, Romance",122,R,Jean-Pierre Jeunet,"Audrey Tautou, Mathieu Kassovitz, Rufus, Lorella Cravotta",8.3,728867,33.23
Finding Nemo,2003,"After his son is captured in the Great Barrier Reef and taken to Sydney, a timid clownfish sets out on a journey to bring him home.","Animation, Adventure, Comedy",100,G,"Andrew Stanton, Lee Unkrich","Albert Brooks, Ellen DeGeneres, Alexander Gould, Willem Dafoe",8.1,990352,380.84
Warrior,2011,"The youngest son of an alcoholic former boxer returns home, where he's trained by his father for competition in a mixed martial arts tournament - a path that puts the fighter on a collision course with his estranged, older brother.","Action, Drama, Sport",140,PG-13,Gavin O'Connor,"Tom Hardy, Nick Nolte, Joel Edgerton, Jennifer Morrison",8.1,452501,13.66
WALL·E,2008,"In the distant future, a small waste-collecting robot inadvertently embarks on a space journey that will ultimately decide the fate of mankind.","Animation, Adventure, Family",98,G,Andrew Stanton,"Ben Burtt, Elissa Knight, Jeff Garlin, Fred Willard",8.4,1050418,223.81
3 Idiots,2009,"Two friends are searching for their long lost companion. They revisit their college days and recall the memories of their friend who inspired them to think differently, even as the rest of the world called them ""idiots"".","Comedy, Drama",170,PG-13,Rajkumar Hirani,"Aamir Khan, Madhavan, Mona Singh, Sharman Joshi",8.4,371186,6.53
Before Sunrise,1995,"A young man and woman meet on a train in Europe, and wind up spending one evening together in Vienna. Unfortunately, both know that this will probably be their only night together.","Drama, Romance",101,R,Richard Linklater,"Ethan Hawke, Julie Delpy, Andrea Eckert, Hanno Pöschl",8.1,289322,5.54
Downfall,2004,"Traudl Junge, the final secretary for Adolf Hitler, tells of the Nazi dictator's final days in his Berlin bunker at the end of WWII.","Biography, Drama, History",156,R,Oliver Hirschbiegel,"Bruno Ganz, Alexandra Maria Lara, Ulrich Matthes, Juliane Köhler",8.2,343484,5.51
Gran Torino,2008,"Disgruntled Korean War veteran Walt Kowalski sets out to reform his neighbor, Thao Lor, a Hmong teenager who tried to steal Kowalski's prized possession: a 1972 Gran Torino.",Drama,116,R,Clint Eastwood,"Clint Eastwood, Bee Vang, Christopher Carley, Ahney Her",8.1,746428,148.10
Million Dollar Baby,2004,A determined woman works with a hardened boxing trainer to become a professional.,"Drama, Sport",132,PG-13,Clint Eastwood,"Hilary Swank, Clint Eastwood, Morgan Freeman, Jay Baruchel",8.1,661492,100.49
How to Train Your Dragon,2010,"A hapless young Viking who aspires to hunt dragons becomes the unlikely friend of a young dragon himself, and learns there may be more to the creatures than he assumed.","Animation, Action, Adventure",98,PG,"Dean DeBlois, Chris Sanders","Jay Baruchel, Gerard Butler, Christopher Mintz-Plasse, Craig Ferguson",8.1,698666,217.58
Toy Story 3,2010,"The toys are mistakenly delivered to a day-care center instead of the attic right before Andy leaves for college, and it's up to Woody to convince the other toys that they weren't abandoned and to return home.","Animation, Adventure, Comedy",103,G,Lee Unkrich,"Tom Hanks, Tim Allen, Joan Cusack, Ned Beatty",8.2,791552,415.00
Dangal,2016,Former wrestler Mahavir Singh Phogat and his two wrestler daughters struggle towards glory at the Commonwealth Games in the face of societal oppression.,"Action, Biography, Drama",161,Not Rated,Nitesh Tiwari,"Aamir Khan, Sakshi Tanwar, Fatima Sana Shaikh, Sanya Malhotra",8.4,173619,12.39
Before Sunset,2004,"Nine years after Jesse and Celine first met, they encounter each other again on the French leg of Jesse's book tour.","Drama, Romance",80,R,Richard Linklater,"Ethan Hawke, Julie Delpy, Vernon Dobtcheff, Louise Lemoine Torrès",8.1,249869,5.82
Hachi: A Dog's Tale,2009,A college professor bonds with an abandoned dog he takes into his home.,"Biography, Drama, Family",93,G,Lasse Hallström,"Richard Gere, Joan Allen, Cary-Hiroyuki Tagawa, Sarah Roemer",8.1,268771,null
In the Name of the Father,1993,A man's coerced confession to an I.R.A. bombing he did not commit results in the imprisonment of his father as well. An English lawyer fights to free them.,"Biography, Crime, Drama",133,R,Jim Sheridan,"Daniel Day-Lewis, Pete Postlethwaite, Alison Crosbie, Philip King",8.1,167122,25.01
Hotel Rwanda,2004,"Paul Rusesabagina, a hotel manager, houses over a thousand Tutsi refugees during their struggle against the Hutu militia in Rwanda, Africa.","Biography, Drama, History",121,PG-13,Terry George,"Don Cheadle, Sophie Okonedo, Joaquin Phoenix, Xolani Mali",8.1,345198,23.53
Andhadhun,2018,"A series of mysterious events change the life of a blind pianist, who must now report a crime that he should technically know nothing of.","Crime, Drama, Music",139,Not Rated,Sriram Raghavan,"Ayushmann Khurrana, Tabu, Radhika Apte, Anil Dhawan",8.2,84390,1.37
Mary and Max,2009,"A tale of friendship between two unlikely pen pals: Mary, a lonely, eight-year-old girl living in the suburbs of Melbourne, and Max, a forty-four-year old, severely obese man living in New York.","Animation, Comedy, Drama",92,Not Rated,Adam Elliot,"Toni Collette, Philip Seymour Hoffman, Eric Bana, Barry Humphries",8.1,171558,null